S.No.,Name,CMP Rs.,Vol 1d,Avg Vol 1Wk,1day return %,1wk return %,1mth return %,Avg Vol 1Mth,3mth return %,1Yr return %,Mar Cap Rs.Cr.,Qtr Profit Var %,Profit growth %,QoQ Sales %,QoQ Profits %,6mth return %
1.,Bodal Chemicals,118.89,7766843,2692989,19.99,43.40,68.26,894947,64.28,83.84,1503.57,218.78,128.70,20.58,-5.24,164.85
2.,Omaxe,125.52,4654295,10167417,-4.72,23.34,45.68,5016066,63.31,43.47,2289.34,100.48,29.56,16.54,100.68,66.76
3.,Sigma Advanced System,781.95,323277,603396,0.62,18.52,25.40,419414,87.92,486.17,14845.76,-81.87,20.42,15.94,-72.43,395.50
4.,IOL Chemicals,193.69,3060131,7971863,-0.65,14.56,32.37,4854859,47.38,113.46,5689.71,89.87,67.75,22.09,21.25,176.07
5.,Birla Cable,309.86,397068,140856,5.00,14.34,52.03,213901,44.94,97.05,932.93,2190.30,628.86,24.54,183.90,120.68
6.,Imagica. Enter.,56.29,1382030,10907892,-3.07,13.65,19.79,3368067,25.84,-0.78,3184.69,26.19,-77.57,93.34,14292.50,39.85
7.,Ratnaveer Precis,306.02,9584892,7267526,3.75,13.24,69.40,11124332,79.14,117.67,2563.97,22.01,37.24,26.38,7.11,118.37
8.,Morepen Labs.,107.16,43102206,24198484,0.91,12.54,87.87,37846550,134.02,129.81,5870.77,424.65,26.79,17.62,258.92,163.88
9.,Guj Inds. Power,199.36,704941,2298523,-3.18,11.76,23.70,1326103,14.73,12.09,3095.29,174.75,150.02,16.58,-51.69,49.12
10.,Virtuoso Optoel.,556.10,225865,724844,-2.55,11.62,16.19,246156,54.34,5.34,1904.54,27.51,11.75,13.33,53.38,56.23
11.,Ind-Swift Labs.,364.87,738615,1989599,0.54,11.49,62.69,2136548,125.09,279.84,3172.27,183.47,195.01,12.76,63.34,189.07
12.,Sterlite Tech.,728.45,1956942,1663353,0.65,10.62,30.77,2040177,23.25,535.15,37464.34,1870.00,1489.53,32.55,233.90,336.38
13.,Yatharth Hospit.,1001.90,678078,897847,3.57,10.40,22.41,538918,23.24,44.15,9673.74,11.94,27.41,14.96,1.61,51.23
14.,Sh.Pushkar Chem.,470.50,256463,215812,4.23,10.21,18.59,99678,29.51,49.94,1522.83,9.40,7.99,28.37,78.17,53.38
15.,Bliss GVS Pharma,616.75,779957,359870,4.87,9.18,32.45,456756,41.96,296.11,6566.25,16.40,29.05,11.12,38.84,186.05
16.,Indo Count Inds.,469.45,2851408,1024204,7.93,9.07,17.00,2097254,35.58,103.27,9312.64,62.02,-28.57,14.11,161.24,89.45
17.,GHCL Textiles,134.77,1399453,825089,3.04,8.50,18.61,909679,38.70,69.39,1289.10,191.05,66.75,12.44,42.26,85.43
18.,Man Infra,122.62,2692177,3007131,-0.15,7.86,25.02,2971622,3.65,-22.19,4950.16,28.92,-16.93,50.02,52.84,22.30
19.,Knowledge Marine,2924.40,209840,180057,-4.18,7.80,18.72,132113,64.25,211.02,7421.19,447.74,155.66,70.67,166.68,86.39
20.,ASK Automotive,659.90,975578,438554,4.23,7.23,24.97,1867028,49.81,36.92,13023.84,28.83,23.18,18.39,18.98,70.89
21.,Shivalik Bimetal,1070.00,503836,413658,1.98,6.84,42.77,1250193,45.67,119.58,6160.42,44.07,29.97,12.03,26.72,154.07
22.,Raghav Product.,1771.20,130834,115039,1.30,6.54,45.62,113209,75.51,211.04,8119.76,67.55,55.29,23.17,29.09,173.44
23.,Wakefit Innovati,146.78,661795,1096852,1.43,6.51,17.29,1649011,21.01,,4869.91,19.16,548.81,17.84,-80.80,-20.77
24.,Rajputana Stain.,177.66,687486,1104449,0.10,6.39,25.97,1020458,41.25,,1481.66,80.52,25.21,20.25,54.20,
25.,Varroc Engineer,862.00,638301,311388,4.89,6.11,26.91,1223163,50.10,61.32,13175.80,27.94,51.42,11.24,10.28,67.48
26.,Suven Life Scie.,392.05,1784958,695770,7.43,6.03,27.66,939031,42.46,83.24,11079.39,-147.69,-91.31,134.87,-179.85,193.06
27.,Coforge,1985.30,2535035,2712847,-1.45,6.00,15.36,2281343,30.65,15.14,88046.63,96.31,97.53,24.20,-20.19,69.68
28.,Kiri Industries,530.90,3160393,1373488,7.71,5.67,28.04,1236016,35.30,0.01,3456.26,2762.33,340.10,24.69,-43.49,24.60
29.,Apsis Aerocom,564.85,187200,48960,2.00,5.58,30.10,26743,94.61,,680.76,41.81,12.93,24.47,35.90,
30.,KRN Heat Exchan,1553.10,447109,265206,-3.52,5.57,32.25,262969,40.60,80.10,10143.67,164.90,81.77,40.58,40.84,68.97
31.,Motil.Oswal.Fin.,1042.90,707589,1264897,0.44,5.34,22.41,1314830,20.43,21.65,62683.47,9.56,-28.82,28.01,681.31,47.81
32.,Uflex,649.10,253569,358836,2.33,4.83,37.92,731535,45.51,25.64,4683.56,629.63,142.92,32.30,115.82,44.29
33.,Aeroflex,525.40,1023018,1756849,-3.08,4.19,20.66,1551328,25.26,208.30,6948.17,162.06,42.06,15.53,6.52,140.77
34.,Pearl Global Ind,2463.80,273566,213470,6.46,3.86,19.32,243654,49.77,99.74,11380.92,50.93,24.25,16.34,22.55,59.07
35.,T N Petro Prod.,120.77,22501991,4750604,8.44,3.81,25.15,1769145,37.15,14.12,1087.84,125.98,90.54,526.63,890.23,38.29
36.,Gujarat Kidney,158.14,2035757,941266,-1.56,3.67,24.21,917055,17.80,,1245.20,7.02,36.70,12.13,10.37,45.16
37.,MTAR Technologie,7043.50,106638,86902,0.66,3.40,23.01,130906,-2.39,404.55,21666.14,349.69,126.78,17.87,13.89,100.98
38.,Themis Medicare,124.76,141788,524154,-0.57,3.27,18.57,274734,15.39,25.92,1144.30,-282.28,-320.73,13.63,176.83,53.46
39.,Welspun Living,196.21,4077806,2968804,3.02,3.04,25.82,10701311,36.59,79.48,18640.74,83.59,-48.60,14.78,53.17,64.25
40.,Khaitan Chemical,55.55,215171,327259,-0.05,2.95,17.82,370049,3.75,-48.88,537.14,-49.04,47.39,14.49,765.87,1.17
41.,Shree Refrigerat,411.25,294000,348200,2.57,2.90,32.53,375048,45.70,101.00,1472.13,343.56,69.39,104.72,1171.34,141.70
42.,Avadh Sugar,855.30,361556,253342,3.04,2.78,69.70,703790,87.38,107.93,1711.15,102.73,-5.07,16.20,-99.59,108.41
43.,Fineotex Chem,50.79,18318868,14567287,1.52,2.36,29.17,15333298,19.90,112.96,5916.87,54.78,17.35,20.05,10.07,129.30
44.,S.A.L Steel,78.80,484075,675417,4.84,2.26,36.90,843566,27.78,339.49,1141.07,131.95,80.39,629.91,400.00,68.59
45.,Deep Industries,689.85,325712,276051,2.28,1.74,15.57,650882,32.97,28.49,4412.42,45.12,132.59,12.15,1334.63,93.81
46.,Indo Borax & Ch.,508.45,284358,283047,2.70,1.21,35.62,720351,46.99,112.52,1631.62,59.31,26.54,11.66,11.84,108.28
47.,Universal Cables,1648.20,178905,162223,-2.66,1.01,21.33,280761,33.01,131.51,5719.34,108.75,70.37,12.47,27.50,146.59
48.,E2E Networks,618.75,449191,485826,0.38,0.95,19.65,1402294,43.08,169.60,12709.02,1645.07,-9.71,63.91,581.37,165.08
49.,Shukra Pharma.,44.39,1851301,1740626,0.25,0.73,47.08,1555112,52.44,69.30,1951.45,1359.22,256.13,273.33,968.79,7.93
50.,Gandhar Oil Ref.,257.72,747899,680296,0.49,0.43,15.44,1678989,65.43,76.34,2517.84,633.09,299.64,58.40,455.71,93.67
51.,Ellen.Indl.Gas,322.25,414768,508634,0.77,0.26,22.32,906891,29.97,-37.72,4540.23,86.85,40.60,12.91,52.80,46.94
52.,Fujiyama Power,461.05,277648,340219,2.56,0.26,21.17,605552,44.17,,14143.41,168.56,131.34,49.39,-45.64,163.71
53.,Balu Forge,630.60,2058651,2821945,-1.28,-0.25,43.20,2967775,35.55,2.46,7648.38,15.89,18.18,14.10,0.53,38.68
54.,Triven.Engg.Ind.,295.64,2004500,1138289,4.16,-0.52,33.47,1582882,33.71,39.32,6510.68,155.14,27.55,12.24,-97.82,22.90
55.,Unimech Aero.,1490.00,337497,203328,-0.87,-0.63,20.56,303848,50.03,42.30,7586.67,45.71,-12.11,31.56,6.74,75.66
56.,Waterways Leisur,103.65,2486556,3409980,-1.33,-0.68,26.28,1247559,,,7525.19,-34.51,-37.98,23.38,26.36,
57.,Meghmani Organi.,63.94,5388049,1928232,4.92,-0.76,18.67,2630626,35.15,-21.87,1625.02,280.05,240.98,14.44,500.12,30.46
58.,Dhampur Sugar,179.19,2663011,1548770,2.26,-0.89,32.26,1845498,29.05,44.52,1150.20,609.41,36.47,12.63,-86.67,38.89
59.,Dhampur Bio,127.24,413777,357172,1.45,-0.94,30.00,447597,12.88,49.01,841.36,2.41,1041.52,15.96,-20.49,22.02
60.,Urban Company,167.11,23905389,13399261,-0.77,-1.02,29.15,21614215,37.93,,25757.61,-1359.08,-240.58,24.15,42.84,56.82
61.,Mawana Sugars,149.10,755465,585935,0.78,-1.13,42.50,696418,52.52,70.11,583.24,-70.53,-27.96,11.02,-136.75,80.79
62.,Electronics Mart,180.61,1274442,1073006,1.84,-1.56,38.76,14581894,59.07,44.33,6948.95,351.33,77.81,26.43,203.65,94.08
63.,Cupid,280.46,12390746,15214862,-0.66,-2.08,21.61,33999094,118.51,713.87,37689.66,194.01,188.13,18.90,21.79,269.85
64.,Valiant Laborato,96.34,259051,445856,-3.32,-4.16,58.61,239661,25.51,10.62,518.92,1059.34,12207.69,25.34,1098.86,83.57
65.,Ugar Sugar Works,55.59,1320655,965508,2.70,-4.17,36.62,1163731,38.35,34.24,622.17,110.85,258.90,22.69,-96.74,44.88
66.,Prabha Energy,204.61,131435,111376,-1.52,-4.39,38.33,699782,29.64,-15.57,2805.55,226.09,177.46,17.36,190.00,27.31
67.,Sapphire Foods,234.41,2513184,2049094,1.26,-5.97,26.63,3869809,34.63,-28.33,7504.36,880.00,-85.80,12.46,211.01,22.57
68.,Uttam Sug.Mills,312.07,571243,486937,4.18,-6.58,40.36,619321,34.71,15.86,1190.58,-91.55,-9.38,28.99,-97.62,53.43
69.,Kwality Wall's,45.38,19428064,26300510,-0.37,-6.68,46.81,43634113,53.31,,10664.79,7.95,,80.79,147.34,67.39
70.,Zee Media,8.65,5880993,3688628,-3.14,-7.19,15.33,7519332,5.62,-29.96,566.31,-37.57,103.16,20.96,54.32,9.08
71.,Restaurant Brand,98.10,4033450,4249808,-2.84,-7.84,47.21,23933843,42.71,22.76,6993.10,32.40,17.88,16.38,30.40,55.81
72.,Finkurve Fin.,72.23,249845,172390,-4.41,-9.29,15.14,263405,20.00,-31.47,1007.46,65.82,62.23,11.54,4.98,3.57
